{
    "samples_mT_min500": {
        "signal_bins": [
            0.01490567997097969,
            0.06831051968038082,
            0.1123885391280055,
            0.23721283860504627,
            0.8041815357282758,
            1.1022951351478696,
            1.5705029321834445,
            1.7897011507302523,
            1.9778099684044719,
            2.513136406429112,
            2.739744383841753,
            3.0583425229415298,
            3.399895121343434,
            3.189384702593088,
            3.0129864625632763
        ],
        "background_bins": [
            138.60728588234633,
            131.9675094690174,
            148.2479007281363,
            149.87395530752838,
            137.99546350166202,
            85.00961983110756,
            76.84802771452814,
            54.185391744598746,
            32.013551926240325,
            17.622275951318443,
            15.257499888539314,
            8.805925295688212,
            6.914339929819107,
            3.6004253337159753,
            2.3647760627791286
        ],
        "bkgUncertainity_bins": [
            9.035133124173713,
            8.663161928793853,
            9.467588902252158,
            9.785838391990929,
            9.045378929956499,
            6.963214239066463,
            6.4762205518606955,
            5.256165288384714,
            3.5083881553998753,
            2.340463305493375,
            2.1614662111030443,
            1.5336840951658273,
            1.3242964313397227,
            0.802816092710386,
            0.6474483054807655
        ]
    },
    "samples_mT_min750": {
        "signal_bins": [
            0.05340483970940113,
            0.1123885391280055,
            0.23721283860504627,
            0.8041815357282758,
            1.1022951351478696,
            1.5705029321834445,
            1.7897011507302523,
            1.9778099684044719,
            2.513136406429112,
            2.739744383841753,
            3.0583425229415298,
            3.399895121343434,
            3.189384702593088,
            3.0129864625632763
        ],
        "background_bins": [
            79.49112955015153,
            148.2479007281363,
            149.87395530752838,
            137.99546350166202,
            85.00961983110756,
            76.84802771452814,
            54.185391744598746,
            32.013551926240325,
            17.622275951318443,
            15.257499888539314,
            8.805925295688212,
            6.914339929819107,
            3.6004253337159753,
            2.3647760627791286
        ],
        "bkgUncertainity_bins": [
            6.785152843327067,
            9.467588902252158,
            9.785838391990929,
            9.045378929956499,
            6.963214239066463,
            6.4762205518606955,
            5.256165288384714,
            3.5083881553998753,
            2.340463305493375,
            2.1614662111030443,
            1.5336840951658273,
            1.3242964313397227,
            0.802816092710386,
            0.6474483054807655
        ]
    },
    "samples_mT_min1000": {
        "signal_bins": [
            0.15152671933174133,
            0.8041815357282758,
            1.1022951351478696,
            1.5705029321834445,
            1.7897011507302523,
            1.9778099684044719,
            2.513136406429112,
            2.739744383841753,
            3.0583425229415298,
            3.399895121343434,
            3.189384702593088,
            3.0129864625632763
        ],
        "background_bins": [
            73.78258435148746,
            137.99546350166202,
            85.00961983110756,
            76.84802771452814,
            54.185391744598746,
            32.013551926240325,
            17.622275951318443,
            15.257499888539314,
            8.805925295688212,
            6.914339929819107,
            3.6004253337159753,
            2.3647760627791286
        ],
        "bkgUncertainity_bins": [
            7.182956565659607,
            9.045378929956499,
            6.963214239066463,
            6.4762205518606955,
            5.256165288384714,
            3.5083881553998753,
            2.340463305493375,
            2.1614662111030443,
            1.5336840951658273,
            1.3242964313397227,
            0.802816092710386,
            0.6474483054807655
        ]
    },
    "samples_mT_min1250": {
        "signal_bins": [
            0.4937183381989598,
            1.5705029321834445,
            1.7897011507302523,
            1.9778099684044719,
            2.513136406429112,
            2.739744383841753,
            3.0583425229415298,
            3.399895121343434,
            3.189384702593088,
            3.0129864625632763
        ],
        "background_bins": [
            32.182626564987004,
            76.84802771452814,
            54.185391744598746,
            32.013551926240325,
            17.622275951318443,
            15.257499888539314,
            8.805925295688212,
            6.914339929819107,
            3.6004253337159753,
            2.3647760627791286
        ],
        "bkgUncertainity_bins": [
            4.2591717417372505,
            6.4762205518606955,
            5.256165288384714,
            3.5083881553998753,
            2.340463305493375,
            2.1614662111030443,
            1.5336840951658273,
            1.3242964313397227,
            0.802816092710386,
            0.6474483054807655
        ]
    },
    "samples_mT_min1500": {
        "signal_bins": [
            0.6768873166292906,
            1.9778099684044719,
            2.513136406429112,
            2.739744383841753,
            3.0583425229415298,
            3.399895121343434,
            3.189384702593088,
            3.0129864625632763
        ],
        "background_bins": [
            12.869115966372192,
            32.013551926240325,
            17.622275951318443,
            15.257499888539314,
            8.805925295688212,
            6.914339929819107,
            3.6004253337159753,
            2.3647760627791286
        ],
        "bkgUncertainity_bins": [
            2.4311518446450777,
            3.5083881553998753,
            2.340463305493375,
            2.1614662111030443,
            1.5336840951658273,
            1.3242964313397227,
            0.802816092710386,
            0.6474483054807655
        ]
    },
    "samples_mT_min1750": {
        "signal_bins": [
            0.8811798552051187,
            2.739744383841753,
            3.0583425229415298,
            3.399895121343434,
            3.189384702593088,
            3.0129864625632763
        ],
        "background_bins": [
            5.036425323225558,
            15.257499888539314,
            8.805925295688212,
            6.914339929819107,
            3.6004253337159753,
            2.3647760627791286
        ],
        "bkgUncertainity_bins": [
            1.294434881966077,
            2.1614662111030443,
            1.5336840951658273,
            1.3242964313397227,
            0.802816092710386,
            0.6474483054807655
        ]
    },
    "samples_mT_min2000": {
        "signal_bins": [
            0.6054678568616509,
            3.399895121343434,
            3.189384702593088,
            3.0129864625632763
        ],
        "background_bins": [
            0.7179999947547913,
            6.914339929819107,
            3.6004253337159753,
            2.3647760627791286
        ],
        "bkgUncertainity_bins": [
            0.35899999737739563,
            1.3242964313397227,
            0.802816092710386,
            0.6474483054807655
        ]
    },
    "samples_mT_min2250": {
        "signal_bins": [
            0.22605511918663979,
            3.0129864625632763
        ],
        "background_bins": [
            0.35899999737739563,
            2.3647760627791286
        ],
        "bkgUncertainity_bins": [
            0.2538513325915092,
            0.6474483054807655
        ]
    }
}